id;name;lastname
67982055-7d7b-4f79-b54a-9be82a414597;Fredrick;Melody
dfc94020-4666-43b7-b74e-9a1250c618ac;Ninette;Issard
6b45cf3e-b004-4420-aa0f-657eb01a39c0;Desiri;Duckinfield
af200f85-fe63-4099-a510-140f51fb29ca;Morgan;Gandrich
49e1bc99-992a-4874-8578-40807d5b99b7;Algernon;Rowland
c2d47dec-40a7-4731-860b-d87300990b07;Thebault;Cogin
c1ce681a-747f-4619-91ef-6a2f82c13975;Kara;Seakin
4f379bcd-cd64-4ac9-88ec-b3c536aa25ab;Odelinda;Ferronel
08450dd3-2684-4d79-a993-2cd5aa947b2f;Mandi;Densey
5032b755-b853-466a-9eaa-466a85195694;Edward;Figg
b195b2a9-17d3-446d-807e-a47fd377d907;Ugo;Loadman
ce5b3cec-574a-453f-b9aa-7e5e23fac0c0;Keelia;Aubury
f6c2330d-bed0-4ec9-b8ae-a09a87568f2f;Derwin;Baskeyfied
de995a88-b1d4-4276-b9c7-0e735045abf3;Jacquelynn;Zorzoni
1acbcecb-55c0-4cd2-a47b-8b304affa280;Ruddy;Onge
5f0a015b-d10e-4232-9a24-103d9d4edfef;Kermy;Francombe
97777c06-8f6e-4e1f-a816-f9b2ced244bb;Valaria;Gillease
0ace9982-a0e0-4444-9aad-1b13a5927ede;Bard;Boles
ce490f81-4f11-4e5e-89ca-ce5a5dc2c511;Glennis;Vicker
da26f8e7-996d-42a1-a596-a733de5d0def;Trista;Kembery
2a9185a5-d552-491b-85fd-1e984686e549;Smith;Dudbridge
7a3b2b4c-ea21-42b0-9d34-73d1959c1d45;Vonny;Boddis
893882f2-e0c1-4a16-80aa-45b6e1a01f07;Thayne;Minerdo
6852d06f-3d08-477d-9515-cd8434d03906;Elianore;Coppenhall
995406fe-e6f2-4096-8c0f-a5c744da3d5e;Symon;Craggs
63b64ef7-a1c5-4810-bf18-2503fabbddcb;Tootsie;Cremins
d07746fa-d192-4468-b606-33b877102984;Perceval;Hindhaugh
30716f55-7f0f-4de7-ab19-e89b74d9ff8a;Dmitri;Ervin
87852630-13e9-4df0-9e56-9b20583b6642;Marabel;Lunney
53735d94-628e-4364-a8b0-a0a83e5404f9;Shelby;Bartens
24eff9e9-d5c7-4360-8083-07414616b02f;Ailbert;Bainton
45e5a8b7-a933-4a74-8e55-6786abf38dba;Sheryl;Seden